Review_ID,Customer_Name,Review_Text,Rating,Date
1,Alice Johnson,The new device is sleek and fast. I love the camera quality!,5,3/1/2025
2,Michael Smith,"Amazing display and battery life, but the price is a bit high.",4,3/2/2025
3,Sophia Lee,"I had a few issues with the initial setup, but customer service was very helpful.",4,3/3/2025
4,David Kim,Solid performance overall; the design is very modern.,5,3/4/2025
5,Emma Brown,The device exceeded my expectations in every way.,5,3/5/2025
6,James Wilson,"Decent phone with great features, though the software could be improved.",3,3/6/2025
7,Olivia Martinez,"The battery lasts all day, even with heavy usage.",5,3/7/2025
8,William Davis,Excellent build quality and performance. Highly recommended.,5,3/8/2025
9,Isabella Garcia,"Had a minor glitch with the fingerprint sensor, but overall a good purchase.",4,3/9/2025
10,Daniel Anderson,A well-designed phone with fast performance. A bit pricey but worth it.,4,3/10/2025
11,Mia Thomas,"The camera is outstanding, perfect for low-light photography.",5,3/11/2025
12,Matthew Taylor,I am impressed with the processing power and screen clarity.,5,3/12/2025
13,Charlotte Moore,"Battery life is superb, though I wish there were more color options.",4,3/13/2025
14,Alexander Jackson,The user interface is intuitive and easy to navigate.,5,3/14/2025
15,Amelia Martin,"Great phone for everyday use, but the storage options are limited.",4,3/15/2025
16,Ethan Lee,Very responsive and fast. The design feels premium.,5,3/16/2025
17,Abigail Harris,The device heats up a bit during heavy gaming sessions.,3,3/17/2025
18,Logan Clark,Impressed by the high-resolution display and overall performance.,5,3/18/2025
19,Emily Lewis,Sleek design and robust features; minor issues with the software updates.,4,3/19/2025
20,Lucas Walker,A remarkable mobile experience with excellent sound quality.,5,3/20/2025
21,Harper Hall,I love the fast charging feature; it saves a lot of time.,5,3/21/2025
22,Jackson Allen,"Good overall performance, but I expected a better camera.",3,3/22/2025
23,Evelyn Young,The device feels very futuristic with its minimalist design.,5,3/23/2025
24,Henry Hernandez,A balanced phone with strong performance and elegant design.,4,3/24/2025
25,Scarlett King,Customer service really helped me out when I had a connectivity issue.,4,3/25/2025
26,Jack Wright,Battery life is impressive and the phone is super responsive.,5,3/26/2025
27,Luna Scott,"The design is stunning, but the device sometimes lags with multiple apps open.",3,3/27/2025
28,Oliver Green,I appreciate the attention to detail in both hardware and software.,5,3/28/2025
29,Zoe Adams,"The user interface is very intuitive, making it easy to use for everyone.",5,3/29/2025
30,Samuel Baker,"A powerful phone with a great display, although it could use more storage options.",4,3/30/2025
31,Chloe Nelson,Overall a satisfying experience with a few minor bugs.,4,3/31/2025
32,Caleb Carter,The build quality is top-notch and the battery lasts long.,5,4/1/2025
33,Victoria Mitchell,I had a great experience; the phone runs smoothly even with heavy multitasking.,5,4/2/2025
34,Andrew Perez,"Good performance and beautiful design, but the price is slightly steep.",4,4/3/2025
35,Grace Roberts,The phone is fast and reliable with an impressive camera setup.,5,4/4/2025
36,Joseph Turner,Solid performance and clear display. It meets my daily needs perfectly.,5,4/5/2025
37,Nora Phillips,"I encountered a software glitch on the first day, but it was resolved quickly.",4,4/6/2025
38,Christopher Campbell,The mobile device is innovative and user-friendly. I’m very happy with it.,5,4/7/2025
39,Stella Parker,"Great performance overall, though I noticed some minor heating issues.",4,4/8/2025
40,Elijah Evans,This is one of the best smartphones I've ever used. Highly recommend!,5,4/9/2025
41,Lily Edwards,The phone is extremely fast and the interface is clean and simple.,5,4/10/2025
42,Samuel Collins,A premium experience with excellent battery life and performance.,5,4/11/2025
43,Lucy Stewart,The design is impressive but I had to wait for an update to fix a bug.,4,4/12/2025
44,Owen Sanchez,"A well-rounded phone with robust features, perfect for work and play.",5,4/13/2025
45,Penelope Morris,"The display quality is exceptional, but I wish the phone came in more colors.",4,4/14/2025
46,Wyatt Rogers,I am impressed with the speed and overall performance of the phone.,5,4/15/2025
47,Eleanor Reed,Good value for money with its high performance and elegant design.,4,4/16/2025
48,Liam Cook,A highly capable device that meets my needs for both work and entertainment.,5,4/17/2025
49,Madison Morgan,"The phone offers a fantastic user experience, though it could use additional customization options.",4,4/18/2025
50,Noah Bell,"Outstanding performance, brilliant camera, and a sleek design that stands out.",5,4/19/2025
